Mercado;Combo ENTREGA;CLIENTE;MONTADOR;CÓD;MÁQUINA ;Ordem de entrega dos equipamentos;OP;Situação;FALTAS;ENTREGA BRALYX SBC;CÓDIGO PAINEL;OP;Fornecedor;Situação;Data Acionamento Bralyx SP;Faltas de itens para Painéis;ENTREGA BRALYX SBC;Prazo de entrega ( Painel Montado );ENTREGA BRALYX SBC ( PAINÉIS );Observações;Data da Solicitação ;Prazo (Comercial);Aceite PCP;Data final acordada - P.A;Data Entrega;Dias de Atraso;Faturada?
MI;;;Leonardo ;MSX197NM220;PASTELYX;32º;31521;Finalizada;COMPLETA;100% ENTREGUE - JAN;DB6440;ESTOQUE;;Finalizada ;;;OK;;;ESTAMPA QUADRADRO - DB5217 / ESTAMPO SORRETINO  DB5214;26-jan;27-fev;;27-fev;;;
MI;;ESTOQUE;Romário ;MFX158NM220R;MAXIFORM LUNA TECH DR ;;31939;Finalizada;COMPLETA;100% ENTREGUE - FEV;DB6212;ESTOQUE;;Finalizada ;;;OK;;;;3-fev;28-fev;;4-mar;;;
MI;;ESTOQUE;;MFX098NM220;LUNA ANALOGICA;;30860;Finalizada;COMPLETA;;;;;;;;;;;;26-mar;24-abr;;4-mar;;;
MI;;ESTOQUE;;MFX145NM220;MAXIFORM NEW DULY NR12 ;;31948;Finalizada;COMPLETA;100% ENTREGUE - FEV;DB2091;ESTOQUE;;Finalizada ;;;OK;;;;27-fev;27-mar;;5-mar;;;
MI;;ESTOQUE;;MFX098NM220;LUNA ANALOGICA;;30863;Finalizada;COMPLETA;;;;;;;;;;;;26-mar;24-abr;;5-mar;;;
MI;;ESTOQUE;Leonardo;MFX090NM220;MAXIFORM DOLCELYX ;;31957;Finalizada;COMPLETA;100% ENTREGUE - FEV;DB1576;ESTOQUE;;Finalizada ;;;OK;;;;3-fev;28-fev;;6-mar;;;
MI;;ESTOQUE;;MFX098NM220;LUNA ANALOGICA;;32478;Finalizada;COMPLETA;;;;;;;;;;;;26-mar;24-abr;;9-mar;;;
ME;;ESTOQUE;;MFX090CM220;MAXIFORM DOLCELYX CE;;32532;Finalizada;COMPLETA;100% ENTREGUE - FEV;DB1580;ESTOQUE;;Finalizada ;;;OK;;;;27-fev;27-mar;;10-mar;;;
ME;;ESTOQUE;;MFX158CM220;LUNA TECH CE;;32495;Finalizada;COMPLETA;100% ENTREGUE - MARÇO;;;;;;;;;;;26-mar;24-abr;;10-mar;;;
MI;;ESTOQUE;Leonardo;MFX090NM220;MAXIFORM DOLCELYX ;;31956;Finalizada;COMPLETA;100% ENTREGUE - FEV;DB1576;ESTOQUE;;Finalizada ;;;OK;;;;3-fev;28-fev;;11-mar;;;
MI;;ESTOQUE;;EPX110NM220;EMPANAMIX INDUSTRIAL PLUS 2020 ;;32055;Finalizada;COMPLETA;100% ENTREGUE - JAN;DB1564;ESTOQUE;;Finalizada ;;;OK;;;;3-fev;28-fev;;12-mar;;;
ME;;ESTOQUE;;MFX071CM220.2;NEW PICCOLA 3.0 MK CE;;31943;Finalizada;COMPLETA;100% ENTREGUE - MAR;DB1579;ESTOQUE;;Finalizada ;;;OK;;;;27-fev;27-mar;;13-mar;;;
MI;;ESTOQUE;Leonardo;MFX090NM220;MAXIFORM DOLCELYX ;;30083;Finalizada;COMPLETA;100% ENTREGUE - JAN;DB1576;ESTOQUE;;Finalizada ;;;OK;;;;3-fev;28-fev;;16-mar;;;
MI;;ESTOQUE;;HTX022NM220.2;HOTMIXER 35 L INOX ;;32548;Finalizada;COMPLETA;100% ENTREGUE - MAR;DB7361;ESTOQUE;;Finalizada ;;;OK;;;;27-fev;27-mar;;16-mar;;;
MI;;HELENA CARREIRO VARAO ;Marcos;MFX147NM220;MAXIFORM MAXI PRO 10.0 B - MÁQUINA FORMADORA/RECHEADORA ;;31953;Finalizada;COMPLETA;100% ENTREGUE - FEV;DB2092;ESTOQUE;;Finalizada ;;;OK;20/02/2026;;;6-fev;9-abr;;16-mar;;;
MI;;ESTOQUE;Celso ;DTX125NM220;DROP-TOP 400-450 PLUS NR12            ;;31981;Finalizada;COMPLETA;100% ENTREGUE - FEV;DB1440;ESTOQUE;;Finalizada ;;;OK;;;CM640: 31978;3-fev;28-fev;;17-mar;;;
MI;;ESTOQUE;;EPX067NM220;EMPANAMIX MESA ;;32048;Finalizada;COMPLETA;;;;;;;;;;;;26-mar;24-abr;;17-mar;;;
MI;;ESTOQUE;;MFX158NM220;LUNA TECH ;;31502;Finalizada;COMPLETA;100% ENTREGUE - MARÇO;;;;;;;;;;;26-mar;24-abr;;17-mar;;;
MI;;ESTOQUE;;MFX158NM220;LUNA TECH ;;31503;Finalizada;COMPLETA;100% ENTREGUE - MARÇO;;;;;;;;;;;26-mar;24-abr;;17-mar;;;
MI;;ESTOQUE;;MFX158NM220;LUNA TECH ;;31504;Finalizada;COMPLETA;100% ENTREGUE - MARÇO;;;;;;;;;;;26-mar;24-abr;;17-mar;;;
MI;;ESTOQUE;;EPX067NM220;EMPANAMIX MESA ;;32050;Finalizada;COMPLETA;;;;;;;;;;;;26-mar;24-abr;;18-mar;;;
MI;;ESTOQUE;;EPX067NM220;EMPANAMIX MESA ;;32051;Finalizada;COMPLETA;;;;;;;;;;;;26-mar;24-abr;;18-mar;;;
ME;;ESTOQUE;;MFX071CM220.2;NEW PICCOLA 3.0 MK CE;;31942;Finalizada;COMPLETA;100% ENTREGUE - MAR;DB1579;ESTOQUE;;Finalizada ;;;OK;;;;27-fev;27-mar;;19-mar;;;
ME;;ESTOQUE;;MFX158CM220;LUNA TECH CE;;32792;Finalizada;COMPLETA;100% ENTREGUE - FEV;DB6213;ESTOQUE;;Finalizada ;;;OK;;;;27-fev;27-mar;;19-mar;;;
MI;;ESTOQUE;Carlos;MFX145NM220;MAXIFORM NEW DULY NR12 ;;31949;Finalizada;COMPLETA;100% ENTREGUE - FEV;DB2091;ESTOQUE;;Finalizada ;;;OK;;;;3-fev;28-fev;;20-mar;;;
MI;;ESTOQUE;;MFX185NM220;MAXIFORM DUE 10.0 TECH MK ;;31951;Finalizada;COMPLETA;100% ENTREGUE - FEV;DB5390;ESTOQUE;;Finalizada ;;;OK;;;;3-fev;13-mar;;23-mar;;;
ME;;ESTOQUE;;EPX110CM220;EMPANAMIX INDUSTRIAL PLUS 2020 CE;;30118;Finalizada;COMPLETA;100% ENTREGUE - FEV;DB1575;ESTOQUE;;Finalizada ;;;OK;;;;27-fev;27-mar;;23-mar;;;
MI;;ESTOQUE;;EPX110NM220;EMPANAMIX INDUSTRIAL PLUS 2020 ;;32056;Finalizada;COMPLETA;100% ENTREGUE - MAR;DB1564;ESTOQUE;;Finalizada ;;;OK;;;;27-fev;27-mar;;23-mar;;;
MI;;ESTOQUE;;MFX185NM220;MAXIFORM DUE 10.0 TECH MK ;;31516;Finalizada;COMPLETA;;;;;;;;;;;;26-mar;24-abr;;23-mar;;;
ME;;ESTOQUE;;MFX158CM220;LUNA TECH CE;;32788;Finalizada;COMPLETA;100% ENTREGUE - MAR;DB6213;ESTOQUE;;Finalizada ;;;OK;;;;27-fev;27-mar;;24-mar;;;
MI;;ESTOQUE;;EPX067NM220;EMPANAMIX MESA ;;32053;Finalizada;COMPLETA;;;;;;;;;;;;26-mar;24-abr;;24-mar;;;
MI;sim;WORK MAQDIAS;;MFX144NM220; MAXIFORM NEW LILY NR12 ;;32501;Finalizada;COMPLETA;100% ENTREGUE - MARÇO;DB2090;ESTOQUE;;Finalizada ;;;;;;;19-mar;10-abr;;25-mar;;;
ME;;IGPR. INC;;EPX067CM220;EMPANAMIX DE MESA CE;;32562;Finalizada;COMPLETA;100% ENTREGUE - MARÇO;DB1574;ESTOQUE;;Finalizada ;;;;;;;24-mar;17-abr;;25-mar;;;
MI;;ESTOQUE;;MFX145NM220;MAXIFORM NEW DULY NR12 ;;32504;Finalizada;COMPLETA;100% ENTREGUE - MAR;DB2091;ESTOQUE;;Finalizada ;;;OK;;;;27-fev;27-mar;;26-mar;;;
MI;;ESTOQUE;;MFX145NM220;MAXIFORM NEW DULY NR12 ;;32507;Finalizada;COMPLETA;;;;;;;;;;;;26-mar;24-abr;;27-mar;;;
MI;;;Leonardo ;FRX094NM220;FORMIX MULTIMASSAS ;21º;31982;Finalizada;;100% ENTREGUE - FEV;DB1802;ESTOQUE;;Finalizada ;;;OK;;;;27-out;27-fev;;6-abr;;;
MI;;;Nelson;FRX119NM220;ALIMENTADOR CONTINUO 10 LITROS NR12 ;23º;32623;Montagem ;DB3311 (Painel);100% ENTREGUE - MAR;DB3311;ESTOQUE;;Finalizada ;;;OK;13/03/2026;;;5-nov;27-fev;;30-mar;;;
MI;;ESTOQUE;Romario;FTX097IM220; FRITADEIRA BR FRY INMETRO ;;31984;Finalizada;COMPLETA;100% ENTREGUE - FEV;DB0804;ESTOQUE;;Finalizada ;;;OK;;;;2-fev;27-fev;;1-abr;;;
MI;;ESTOQUE;;MFX145NM220;MAXIFORM NEW DULY NR12 ;;32505;Montagem ;15805 (BOTECO) - 10/04, KF625 (BACHANITEC) - ENTREGUE, CM102 (Conjunto);100% ENTREGUE - MAR;DB2091;ESTOQUE;;Finalizada ;;;OK;;;;27-fev;27-mar;;30-mar;;;
MI;;ESTOQUE;Fabiano ;EPX110NM220;EMPANAMIX INDUSTRIAL PLUS 2020 ;;32567;Separada;KF227-07 (ROFER) - ENTREGUE ;100% ENTREGUE - MARÇO;DB1564;ESTOQUE;;Finalizada ;;;OK;;;;27-fev;27-mar;;30-mar;;;
MI;;ESTOQUE;Jorge;HTX022NM220.2;HOTMIXER 35 L INOX ;;32549;Finalizada;COMPLETA;100% ENTREGUE - MARÇO;DB7361;ESTOQUE;;Finalizada ;;;OK;;;;27-fev;27-mar;;30-mar;;;
MI;;ESTOQUE;Jorge;HTX022NM220.2;HOTMIXER 35 L INOX ;;32550;Finalizada;COMPLETA;100% ENTREGUE - MARÇO;DB7361;ESTOQUE;;Finalizada ;;;OK;;;;27-fev;27-mar;;30-mar;;;
MI;;ESTOQUE;Jorge;HTX022NM220.2;HOTMIXER 35 L INOX ;;32551;Finalizada;COMPLETA;100% ENTREGUE - MARÇO;DB7361;ESTOQUE;;Finalizada ;;;OK;;;;27-fev;27-mar;;30-mar;;;
ME;;Galley Provisions;Renan;MFX158UM220;LUNA TECH UL;;31941;Qualidade;COMPLETA;100% ENTREGUE - MAR;DB6215;OP 30447 - 1/1;BRALYX;Montagem;;;OK;;;COM ESTEIRA;13-mar;27-mar;;30-mar;;;
MI;;ESTOQUE;;EPX110NM220;EMPANAMIX INDUSTRIAL PLUS 2020 ;;32566;Finalizada;COMPLETA;100% ENTREGUE - MAR;DB1564;ESTOQUE;;Finalizada ;;;OK;;;;27-fev;27-mar;;2-abr;;;
MI;;GABRIELA QUERINO;;MFX144NM220;MAXIFORM NEW LILY NR12  (MFX144U00078);;33708;Qualidade;COMPLETA;100% ENTREGUE - MARÇO;DB2090;ESTOQUE;;Finalizada ;;;OK;;;;19-mar;10-abr;;30-mar;;;
ME;;LAKE;;EPX067CM220;EMPANAMIX DE MESA CE;;32564;Finalizada;COMPLETA;100% ENTREGUE - MARÇO;DB1574;ESTOQUE;;Finalizada ;;;;;;;24-mar;17-abr;;30-mar;;;
MI;;ESTOQUE;;EPX067NM220;EMPANAMIX MESA ;;32052;Finalizada;COMPLETA;;;;;;;;;;;;26-mar;24-abr;;30-mar;;;
MI;;ESTOQUE;;HTX022NM220.2;HOTMIXER 35 L INOX ;;32918;Finalizada;COMPLETA;;;;;;;;;;;;26-mar;24-abr;;30-mar;;;
MI;;FOOD-SOCIETY HG VOLANO LTDA ;Fabiano ;MSX193NM220; P3 EXTRUSORA C/4 TRAFILAS EM BRONZE ;;33632;Finalizada;COMPLETA;;DA4871;OP 33634 - 1/1;BRALYX;Montagem;;;OK;;;;16-mar;;;30-mar;;;
MI;;ESTOQUE;Leonardo ;FRX094NM220;FORMIX MULTIMASSAS ;;31983;Montagem ;KF342-07 (MASTER) - 13/03 - RNC - ENTREGUE;100% ENTREGUE - MAR;DB1802;ESTOQUE;;Finalizada ;;;OK;;;;3-fev;28-fev;;31-mar;;;
MI;;ESTOQUE;;MFX185NM220;MAXIFORM DUE 10.0 TECH MK ;;31952;Finalizada;COMPLETA;100% ENTREGUE - FEV;DB5390;ESTOQUE;;Finalizada ;;;OK;;;;3-fev;28-fev;;31-mar;;;
MI;;;;MFX166NM220;MAXIFORM BIG 6.0 MKR ;;28887;Montagem ;15805 (BOTECO) - 10/04, DA4038 (kit salsinha ), DB1566 (SINOTEC) - ENTREGUE, KF149-01 (BACHANITEC) - 18/03 , KF628-01 (BACHANITEC) - 20/03, NA3586 (SEW) - 28/03, DA7357, KF147, KF765-01 (BRALYX), PR0308 (Conjunto), DB3596 (verificar);100% ENTREGUE - FEV;DB3732;ESTOQUE;;Finalizada ;;;OK;;;;2-fev;20-mar;;31-mar;;;
MI;;ESTOQUE;Alvimar;MFX166NM220;MAXIFORM BIG 6.0 MKR;;32516;Montagem ;15805 (BOTECO) - 10/04, 20112 (ROFER) - ENTREGUE, DB1566 (SINOTEC) - ENTREGUE, DB3936 (MICROFUND) - ENTREGUE, KF149-01 (BACHANITEC) - 18/03, KF628-01 (BACHANITEC) - 05/03, DB3596 (verificar), KF147;100% ENTREGUE - MAR;DB3732;ESTOQUE;;Finalizada ;;;OK;;;;27-fev;27-mar;;31-mar;;;
MI;SIM;BAR AERO CLUBE BAURU LTDA ;Romário;EPX190NM220;EMP MESA  (ESTEIRA P/ FARINHA GROSSA);;33624;Finalizada;COMPLETA;100% ENTREGUE - MAR;DB6280;OP 33621 - 1/1;BRALYX;Montagem;;;OK;;;;27-fev;27-mar;;1-abr;;;S/ COBERTURA
ME;SIM;WE EQUIPOS REPOSIÇÃO;;MFX186CM220;DISPOSITIVO DE TEQUEÑOS;;32525;Montagem ;KF848-02 BRALYX SBC 02/04;100% ENTREGUE - FEV;DB5282;OP 32384 - 1/1 ;;Separada;;;OK;;;;27-fev;27-mar;;31-mar;;;
ME;;ESTOQUE;;MFX186CM220;DISPOSITIVO DE TEQUEÑOS;;32526;Montagem ;DB5282 (Painel), KF849 (BACHANITEC) - ENTREGUE;100% ENTREGUE - DEZ;DB5282;ESTOQUE;;Finalizada ;;;OK;;;;27-fev;27-mar;;31-mar;;;
ME;;ESTOQUE;Nelson ;MFX016CM220;SPINNING 400 (CE);;32536;Montagem;DA3257 (Painel);-;DA3257;OP 32389 - 1/1;;Aguardando;;DA8612;;;;DA9051 - ARO 30 / DA9052 - ARO 35;27-fev;27-mar;;31-mar;;;
MI;;QDELICIA SALGADOS E DOCES LTDA ;;DSX059NM220;DOSALYX;;32581;Montagem;COMPLETA;;DB3298;ESTOQUE;;Finalizada ;;;OK;;;DA5203+DA5204, DA4955 bloqueado - DA5825, DA6258, 2 UN DA3571, DA4532 ;27-fev;27-mar;;31-mar;;;
MI;;ESTOQUE;Leonardo ;DTX125NM220;DROP-TOP 400-450 PLUS NR12            ;;32595;Montagem;KF374 (BRALYX), DA2529, DA2531, DA2532, DB4550 (verificar) -KF381-02 (MASTER) - ENTREGUE;100% ENTREGUE - MAR;DB1440;ESTOQUE;;Finalizada ;;;OK;;;CM640: 32591;27-fev;27-mar;;31-mar;;;
MI;;ESTOQUE;Leonardo ;DTX125NM220;DROP-TOP 400-450 PLUS NR12            ;;32596;Montagem;KF373-02 (MASTER) - 18/03, KF824 (BACHANITEC) - ENTREGUE VOLTOU RNC, KF374 (BRALYX), DA2531, DA2532 (verificar) - KF381-02 (MASTER) - 02/02;100% ENTREGUE - MAR;DB1440;ESTOQUE;;Finalizada ;;;OK;;;CM640: 32592;27-fev;27-mar;;31-mar;;;
MI;;TESTE CLIENTE SHOW ROOM;Romário;EPX190NM220;EMP MESA  (ESTEIRA P/ FARINHA GROSSA);18º;33625;Finalizada;COMPLETA;100% ENTREGUE - MAR;DB6280;OP 33622 - 1/1;BRALYX;Montagem;;;OK;;;;27-fev;27-mar;;1-abr;;;S/ COBERTURA
MI;;WORK RIVEMAQ;;MFX090NM220;MAXIFORM DOLCELYX ;;30084;Montagem ;;100% ENTREGUE - MAR;DB1576;ESTOQUE;;Finalizada ;;;;;;;5-mar;3-abr;;3-abr;;;
ME;;ICE / BEATRIZ;Carlos;MFX001CM220;BABY TUBO 5.0 MK CE;22º;33649;Separada;15452 (MAGMASTER) - 25/03, 15805 (BOTECO) - 10/04, 16739 (ACE) - 23/03, DA1029 (MICROFUND) - 24/05, DA1030 (ROFER) - 01/04, DA1032 (BACHANITEC) - 02/02, DA3791 (ROFER) - 17/03, DA4037 (Kit salgado 210g), DB4381 (MAGMASTER) - 25/03, DB4383 (MAGMASTER) - 25/03, DB4409 (MAGMASTER) - 25/03, DB5045 (PONTO) - 29/03, NA3131 (BONFIGLIOLI) - 29/03, NA4018 (BONFIGLIOLI) - 29/03, NA4029 (FJG) - 25/03, 15632, DA1421, DA1427, DB5705 (BRALYX), 13009, 15209, 15210, 15603, 15854, 16333, 16727, 16728, 16734, 16735, 16742, DA0929, DA0985, DA1242, DA4424, DB4370, DB4877, DB4896 (EXTERNO), DB5038, DB5628, DB5669, DB7411, DB7412, DB7418, DB7438, NA3903, NA3904 (verificar);;DB2009;OP 33620 - 1/1;;Separada;;DA1433, DB2011, DB7287, NA1777;;;;;27-fev;27-mar;;15-abr;;;S/ COBERTURA
MI;;LGM INDUSTRIA E COMERCIO DE SALGADOS LTDA;;MFX086NM220;MAXIFORM DUE 10.0 - MAQUINA FORMADORA/RECHEADORA - NR12 ;;33381;Separada;15451, KF421-01, KF463-01;;DB3434;ESTOQUE;;Finalizada ;;;OK;;;Trocar todos os bicos de massa pelos respectivos bicos prolongados DA0533 / DA0532 DA0531 DA0530 DA0529 DA0528 DA0527 DA0526 DA0525/ DB6401 Enviar câmara simples recheio  / trocar molde coxinha padrão pelo  DB3842 E DB3739 / DA4037 Kit 210 gramas trocar o bico deste conjunto pelo DB7389;3-fev;9-abr;;27-abr;;;S/ COBERTURA 
MI;;WORK RIVEMAQ;;DTX125NM220;DROP-TOP 400-450 PLUS NR12                                                                 ;;32597;Separada;;100% ENTREGUE - MAR;DB1440;ESTOQUE;;Finalizada ;;;OK;;;CM640: 32593;5-mar;3-abr;;;;;
MI;;VITORINO CORREA NETO VOTORANTIM EIRELLI ;;DSX059NM220;DOSALYX;;32582;Montagem ;DA4532 30/04 Aguard. retorno do Márcio , DA5825 (falta DA5822 BRALYX);;DB3298;ESTOQUE;;Finalizada ;;;;;;(DA5203+DA5204), (DA5203 + DA5204), DA4532 , DA9398, DA6258, DA4955 - DA5825, DA5200, DA5334, DA5402,  2x DA3569, 2x DA3570, 2x DA3571.;20-mar;7-abr;;;;;
MI;;S KIWAMEN ALIMENTOS ;; MFX003NM220 ; MAXIFORM TUBO 3.0 - MAQUINA FORMADORA DE DOCES ;;31850;Montagem ;;;;;;;;;100% ENTREGUE - MARÇO;;;COM CAVALETE;26-mar;10-abr;;;;;
MI;;DISTRIBUIDORA AQUATRO LTDA ;;EPX163NM220;BANDEJA GIRATÓRIA Ø1000;;32952;Separada;;;DB5110;OP 32411 - 1/1;;Separada;;;;;;;19-mar;10-abr;;;;;
ME;;TESTE BEATRIZ / SIDNEY;;ECX031CM220;ESTAMPADOR;;30155;Montagem ;;;;;;;;;;;;DA9032 MOLDE OVAL MAMMOUL 6, DA9037 MOLDE Ø70 MAMOUL 18, DA6483 MOLDE Ø55, DA9033 MOLDE Ø70, DA7244 FACA;26-mar;10-abr;;;;;
ME;;BRETTECNICA EQUIPAMENTOS;;MFX003CM220;MAXIFORM TUBO 3.0 CE;;34025;Montagem ;;;;;;;;;;;;COM ESTEIRA - TRANSFORMAR A QUE ESTÁ EM PRODUÇÃO.;26-mar;10-abr;;;;;
MI;;ITA BOLOS LTDA ;;MFX168NM220; MAXIFORM BIG 10.0 MK MAQUINA MODELADORA RECHEADORA DE DOCES E SALGADOS NR12                ;;32907;Separada;15451, KF421-01, KF463-01;;DB3736;ESTOQUE;;Finalizada ;;;;;;;17-mar;11-abr;;;;;
MI;;ALESSANDRA BARROS SILVA -ME ;; MFX149NM220 ; MAXIFORM PICCOLINA NR12 ;;33193;A separar;;;;;;;;;;;;;30-mar;15-abr;;;;;
MI;SIM;WORK MAQDIAS;Nelson ;MFX016NM220;DISPOSITIVO DE BOLINHA ;;32535;Montagem ;DA3195 (Painel);-;DA3195;OP 32387 - 1/1;;Separada;;DA3195;;;;DA9047 OP:34004 e DA9048 OP: 28480;20-mar;15-abr;;;;;
ME;;ESTOQUE;;EPX067CM220;EMPANAMIX DE MESA CE;;32563;Montagem ;;100% ENTREGUE - MARÇO;DB1574;ESTOQUE;;Finalizada ;;;;;;;24-mar;17-abr;;;;;
MI;;EMPORIUM DO PAO ;;EPX163NM220;BANDEJA GIRATÓRIA Ø1000;;32951;Separada;;;DB5110;OP 32412 - 1/1;;Separada;;;;;;;18-mar;17-abr;;;;;
ME;;WE EQUIPOS PEDIDO;;MFX098CM220;MAXIFORM LUNA - CE;;Conv. MFX098U01917 ;Aguardando ;;;CM425;ESTOQUE;;Finalizada ;;;;;;26/03 - CAIXA DE MASSA CUBA UNICA (COM ENGENHARIA DESENVOLVENDO) - INCLUIR DB0909 ESTEIRA;24-mar;17-abr;;;;;
ME;SIM;WE EQUIPOS REPOSIÇÃO;;MFX098CM220;MAXIFORM LUNA - CE ;;33362;A separar;;100% ENTREGUE - MARÇO;CM425;ESTOQUE;;Finalizada ;;;;;;;24-mar;17-abr;;;;;
ME;;ESTOQUE;;MFX098CM220;MAXIFORM LUNA - CE;;S/COBERTURA;;;;;;;;;;;;;;26-mar;17-abr;;;;;
MI;;ZA E LI COMERCIO;;MFX168NM220; MAXIFORM BIG 10.0 MK MAQUINA MODELADORA RECHEADORA DE DOCES E SALGADOS NR12                ;;32520;Separada;;100% ENTREGUE - MAR;DB3736;ESTOQUE;;Finalizada ;;;;;;;16-mar;20-abr;;;;;
MI;;PAO DE QUEIJO SAO JORGE LTDA ME ;;EPX162NM220 ;BANDEIJA GIRATORIA 0700 MOTOR AC NR12 ;;32575;Finalizada;;;;;;;;;;;;;30-mar;20-abr;;17-mar;;;
MI;;ESTOQUE (DEFININDO PEDIDO);;MFX178NM220;BIG 10 TECH;;32784;Separada;;;;;;;;;;;;;26-mar;23-abr;;;;;
ME;;ESTOQUE;Alvimar;MFX166CM220;BIG 6.0 MKR CE;;32518;Finalizada;;;DB3740;ESTOQUE;;Finalizada ;;;;;;;24-mar;24-abr;;6-abr;;;
MI;;ESTOQUE;;EPX162NM220;BANDEJA GIRATÓRIA Ø700;;32576;Separada;;;;;;;;;;;;;26-mar;24-abr;;;;;
MI;;ESTOQUE;;EPX162NM220;BANDEJA GIRATÓRIA Ø700;;32577;Separada;;;;;;;;;;;;;26-mar;24-abr;;;;;
MI;;ESTOQUE;;MFX168NM220; MAXIFORM BIG 10.0 MK;;;Aguardando ;;;;;;;;;;;;;26-mar;24-abr;;;;;
MI;;REPOSIÇÃO SHOW ROOM;;DTX124NM220;NEW DROP TOP EXPRESS ;;33101;Montagem ;KF618-03;;;OP 33099 - 1/1;;Separada;;DB1225;;;;;18-mar;24-abr;;;;;
ME;;ESTOQUE;;MFX167CM220;BIG 8.0 MKR CE;;31955;Separada;;;;;;;;;;;;;26-mar;24-abr;;;;;
MI;;ESTOQUE;;MFX016NM220;DISPOSITIVO DE BOLINHA ;;32912;Montagem ;;;;;;;;;;;;DA9051 - ARO 30 / DA9052 - ARO 35;26-mar;24-abr;;;;;
ME;;ESTOQUE;;MFX186CM220;DISPOSITIVO DE TEQUEÑOS;;32911;A separar;;;;;;;;;;;;;26-mar;24-abr;;;;;
MI;;ESTOQUE;;DSX059NM220;DOSALYX;;32583;Separada;;;;;;;;;;;;DA5200 + DA5334 + DA5402 /  DA4532 / DA6258;26-mar;24-abr;;;;;
MI;;ESTOQUE;;DSX059NM220;DOSALYX;;32955;Aguardando ;;;;;;;;;;;;(DA5203 + DA5204), DA4532 , DA9398, DA6258, DA4955, DA5200, DA5334, DA5402,  2x DA3569, 2x DA3570, 2x DA3571.;26-mar;24-abr;;;;;
MI;;ESTOQUE;;MFX145NM220;MAXIFORM NEW DULY NR12 ;;32506;Montagem ;;;;;;;;;;;;;26-mar;24-abr;;;;;
ME;;ESTOQUE;;EPX110CM220;EMPANAMIX INDUSTRIAL PLUS 2020 CE;;32570;Aguardando ;;;;;;;;;;;;;26-mar;24-abr;;;;;
MI;;ESTOQUE;;EPX110NM220;EMPANAMIX INDUSTRIAL PLUS 2020 ;;32568;Separada;;;;;;;;;;;;;26-mar;24-abr;;;;;
ME;;ESTOQUE;;EPX067CM220;EMPANAMIX DE MESA CE;;32939;Aguardando ;;;;;;;;;;;;;26-mar;24-abr;;;;;
MI;;ESTOQUE;;FTX118NT220 ;FRITADEIRA ELETRICA CONT FRYE ;;32616;Separada;;;;;;;;;;;;;26-mar;24-abr;;;;;
MI;;ESTOQUE;;FTX097IM220; FRITADEIRA BR FRY INMETRO ;;32609;Finalizada;;;;;;;;;;;;;26-mar;24-abr;;2-abr;;;
MI;;ESTOQUE;;FTX097IM220; FRITADEIRA BR FRY INMETRO ;;32610;Montagem ;;;;;;;;;;;;;26-mar;24-abr;;;;;
MI;;ESTOQUE;;FTX097IM220; FRITADEIRA BR FRY INMETRO ;;32611;Montagem ;;;;;;;;;;;;;26-mar;24-abr;;;;;
ME;;ESTOQUE;;HTX108CM220;HOT 14L INOX ELÉTRICA [CE];;27775;Separada;;;;;;;;;;;;;26-mar;24-abr;;;;;
MI;;ESTOQUE;;HTX022NM220.2;HOTMIXER 35 L INOX ;;32921;Montagem ;;;;;;;;;;;;;26-mar;24-abr;;;;;
MI;;ESTOQUE;;HTX022NM220.2;HOTMIXER 35 L INOX ;;32922;Finalizada;;;;;;;;;;;;;26-mar;24-abr;;6-abr;;;
MI;;ESTOQUE;;HTX022NM220.2;HOTMIXER 35 L INOX ;;32923;Montagem ;;;;;;;;;;;;;26-mar;24-abr;;;;;
MI;;ESTOQUE;;HTX022NM220.2;HOTMIXER 35 L INOX ;;32924;Finalizada;;;;;;;;;;;;;26-mar;24-abr;;6-abr;;;
MI;;ESTOQUE;;HTX022NM220.2;HOTMIXER 35 L INOX ;;32925;Montagem ;;;;;;;;;;;;;26-mar;24-abr;;;;;
MI;;ESTOQUE;;MFX144NM220;MAXIFORM NEW LILY NR12  ;;32896;A separar;;;;;;;;;;;;;26-mar;24-abr;;;;;
MI;;ESTOQUE;;MFX177NM220;SUPER 20 TECH MK [NR12];;31548;Separada;DB5601 CAIXA DE MASSA , ;;;;;;;;100% ENTREGUE - MARÇO;;;OP DE CONVERSÃO: 29221;26-mar;24-abr;;17-abr;;;
MI;;ESTOQUE;;EPX110NM220;EMPANAMIX INDUSTRIAL PLUS 2020 ;;32569;Separada;;;;;;;;;100% ENTREGUE - MARÇO;;;;26-mar;24-abr;;;;;
ME;;ESTOQUE;;MFX166CM220;BIG 6.0 MKR CE;;32519;Separada;;;;;;;;;100% ENTREGUE - MARÇO;;;;27-mar;24-abr;;;;;
ME;;ESTOQUE;;MFX167CM220;BIG 8.0 MKR CE;;32905;Aguardando ;;;;;;;;;100% ENTREGUE - MARÇO;;;;27-mar;24-abr;;;;;
MI;SIM;WORK MAQDIAS;;MFX086NM220;MAXIFORM DUE 10.0 ;;33995;Separada;;;DB3434;ESTOQUE;;Finalizada ;;;;;;;20-mar;27-abr;;;;;
MI;;BRANCO ALIMENTOS LTDA ;;MFX166NM220; MAXIFORM BIG 6.0 MKR ;;33371;Separada;DB2087;;DB3732;ESTOQUE;;Finalizada ;;;;;;;5-mar;29-abr;;;;;S/ COBERTURA 
MI;;PAVANELI FESTAS E EVENTOS LTDA ;;MFX147NM220; MAXIFORM MAXI PRO 10.0 B - MÁQUINA FORMADORA/RECHEADORA ;;32904;Montagem ;;;DB2092;ESTOQUE;;Finalizada ;;;;;;;23-mar;30-abr;;;;;
MI;SIM;FISH MARIA;;EPX117NM220; EMPANAMIX INDUSTRIAL PLUS 2020 CHAPADO ;;32943;Separada;;100% ENTREGUE - MAR;DB1565;OP 32846 - 1/1;;Aguardando;;;;;;;10-mar;4-mai;;;;;
MI;SIM;FISH MARIA;;MFX147NM220; MAXIFORM MAXI PRO 10.0 B - MÁQUINA FORMADORA/RECHEADORA ;;32515;Separada;15451, KF624;;DB2092;ESTOQUE;;Finalizada ;;;;;;;10-mar;4-mai;;;;;
ME;;FORECASTING;Carlos;MFX001CM220;BABY TUBO 5.0 MK CE;;33650;Separada;;;DB2009;OP 33637 - 1/1;;Separada;;DA1433, DB7287, NA1777;;;;;11-mar;11-mai;;;;;
ME;;FORECASTING;Carlos;MFX001CM220;BABY TUBO 5.0 MK CE;;33651;Separada;;;DB2009;OP 33638 - 1/1;;Separada;;DA1433, DB7287, NA1777;;;;;11-mar;11-mai;;;;;
PCP;;SOLICIT. LM;;TPX032CM220;EMBANDEJADOR TRANSPORTADOR;;28748;Montagem ;NA1095 (verificar) - UTILIZAMOS NA2557  ;100% ENTREGUE - SET;DA7174;ESTOQUE;;Finalizada ;;;OK;;;;;;;;;;
;;;;;;;;;;;;;;;;;;;;;;;;;;;
;;;;;;;;;;;;;;;;;;;;;;;;;;;
;;;;;;;;;;;;;;;;;;;;;;;;;;;
;;;;;;;;;;;;;;;;;;;;;;;;;;;
;;;;;;;;;;;;;;;;;;;;;;;;;;;
;;;;;;;;;;;;;;;;;;;;;;;;;;;
;;;;;;;;;;;;;;;;;;;;;;;;;;;
;;;;;;;;;;;;;;;;;;;;;;;;;;;
;;;;;;;;;;;;;;;;;;;;;;;;;;;
;;;;;;;;;;;;;;;;;;;;;;;;;;;
;;;;;;;;;;;;;;;;;;;;;;;;;;;
;;;;;;;;;;;;;;;;;;;;;;;;;;;
